[
  {
    "name": "Ryazhenka - Жирная с Вольтом",
    "label": "Ryazhenka",
    "font": "12",
    "align": "left",
    "freqs": true,
    "volts": true,
    "show": "CPU+GPU+RAM+TMP+FPS+BATE",
    "ram": true,
    "cpu": true,
    "back": "#1113",
    "cat": "#BDFF",
    "text": "#FFFF"
  },
  {
    "name": "Prostokvasha - Без Вольта",
    "label": "Prostokvasha",
    "font": "18",
    "align": "left",
    "freqs": true,
    "volts": false,
    "show": "CPU+GPU+RAM+TMP+BATB+FPSE",
    "ram": true,
    "cpu": true,
    "back": "#1113",
    "cat": "#BDFF",
    "text": "#FFFF"
  },
  {
    "name": "Tvorog - Крупный и Молчаливый",
    "label": "Tvorog",
    "font": "21",
    "align": "left",
    "freqs": true,
    "volts": false,
    "show": "CPU+GPU+RAM+SOC+BATB+FPSE",
    "ram": true,
    "cpu": false,
    "back": "#1113",
    "cat": "#BDFF",
    "text": "#FFFF"
  },
  {
    "name": "Kefir - Гигант с пузырями",
    "label": "Kefir",
    "font": "26",
    "align": "left",
    "freqs": true,
    "volts": false,
    "show": "CPU+GPU+RAM+SOC+FPSE",
    "ram": true,
    "cpu": false,
    "back": "#1113",
    "cat": "#BDFF",
    "text": "#FFFF"
  },
  {
    "name": "Snezhok - Минималка",
    "label": "Snezhok",
    "font": "14",
    "align": "left",
    "freqs": false,
    "volts": false,
    "show": "FPS+BATB",
    "ram": false,
    "cpu": false,
    "back": "#0000",
    "cat": "#BDFF",
    "text": "#FFFF"
  },
  {
    "name": "Zakvaska - Оригинал",
    "label": "Zakvaska",
    "font": "13",
    "align": "left",
    "freqs": true,
    "volts": true,
    "show": "FPS+CPU+GPU+RAM+SOC+BAT",
    "ram": true,
    "cpu": true,
    "back": "#1117",
    "cat": "#68DF",
    "text": "#FFFF"
  },
  {
    "name": "Maslo - Мощный и Гладкий",
    "label": "Maslo",
    "font": "18",
    "align": "left",
    "freqs": true,
    "volts": false,
    "show": "CPU+GPU+RAM+BRD+FAN+FPS",
    "ram": true,
    "cpu": true,
    "back": "#1117",
    "cat": "#FCCF",
    "text": "#FFFF"
  },
  {
    "name": "Smetana - Всё по максимуму",
    "label": "Smetana",
    "font": "16",
    "align": "center",
    "freqs": true,
    "volts": true,
    "show": "CPU+GPU+RAM+SOC+TMP+BAT+FPS+FAN+BRD",
    "ram": true,
    "cpu": true,
    "back": "#2222",
    "cat": "#FF00",
    "text": "#FFFFFF"
  }
]