[
    {
        "null": "None",
        "100": "-100 mV",
        "95": "-95 mV",
        "90": "-90 mV",
        "85": "-85 mV",
        "80": "-80 mV",
        "75": "-75 mV",
        "70": "-70 mV",
        "65": "-65 mV",
        "60": "-60 mV",
        "55": "-55 mV",
        "50": "-50 mV",
        "45": "-45 mV",
        "40": "-40 mV",
        "35": "-35 mV",
        "30": "-30 mV",
        "25": "-25 mV",
        "20": "-20 mV",
        "15": "-15 mV",
        "10": "-10 mV",
        "5": "-5 mV",
        "0": "Unset",
        "-5": "+5 mV",
        "-10": "+10 mV",
        "-15": "+15 mV",
        "-20": "+20 mV",
        "-25": "+25 mV"
    }
]