[
    {
        "null": "0",
        "0000": "0",
        "BC02": "0",
        "C102": "1",
        "C602": "2",
        "CB02": "3",
        "D002": "4",
        "D502": "5",
        "DA02": "6",
        "DF02": "7",
        "E402": "8",
        "E902": "9",
        "EE02": "10",
        "F302": "11",
        "F802": "12",
        "FD02": "13",
        "0203": "14",
        "0703": "15",
        "0C03": "16",
        "1103": "17",
        "1603": "18",
        "1B03": "19",
        "2003": "20",
        "2503": "21",
        "2A03": "22",
        "2F03": "23",
        "3403": "24",
        "3903": "25",
        "3E03": "26",
        "4303": "27",
        "4803": "28",
        "4D03": "29",
        "5203": "30",
        "5703": "31",
        "5C03": "32",
        "6103": "33",
        "6603": "34",
        "6B03": "35",
        "7003": "36",
        "7503": "37",
        "7A03": "38",
        "7F03": "39",
        "8403": "40",
        "8903": "41",
        "8E03": "42",
        "9303": "43",
        "9803": "44",
        "9D03": "45",
        "A203": "46",
        "A703": "47",
        "AC03": "48",
        "B103": "49",
        "B603": "50",
        "BB03": "51",
        "C003": "52",
        "C503": "53",
        "CA03": "54",
        "CF03": "55",
        "D403": "56",
        "D903": "57",
        "DE03": "58",
        "E303": "59"
    }
]