[
    {
        "null": "None",
        "0000": "Auto",
        "C201": "450 mV",
        "C701": "455 mV",
        "CC01": "460 mV",
        "D101": "465 mV",
        "D601": "470 mV",
        "DB01": "475 mV",
        "E001": "480 mV",
        "E501": "485 mV",
        "EA01": "490 mV",
        "EF01": "495 mV",
        "F401": "500 mV",
        "F901": "505 mV",
        "FE01": "510 mV",
        "0302": "515 mV",
        "0802": "520 mV",
        "0D02": "525 mV",
        "1202": "530 mV",
        "1702": "535 mV",
        "1C02": "540 mV",
        "2102": "545 mV",
        "2602": "550 mV",
        "2B02": "555 mV",
        "3002": "560 mV",
        "3502": "565 mV",
        "3A02": "570 mV",
        "3F02": "575 mV",
        "4402": "580 mV",
        "4902": "585 mV",
        "4E02": "590 mV",
        "5302": "595 mV",
        "5802": "600 mV",
        "5D02": "605 mV",
        "6202": "610 mV",
        "6702": "615 mV",
        "6C02": "620 mV",
        "7102": "625 mV",
        "7602": "630 mV",
        "7B02": "635 mV",
        "8002": "640 mV",
        "8502": "645 mV",
        "8A02": "650 mV",
        "8F02": "655 mV",
        "9402": "660 mV",
        "9902": "665 mV",
        "9E02": "670 mV",
        "A302": "675 mV",
        "A802": "680 mV",
        "AD02": "685 mV",
        "B202": "690 mV",
        "B702": "695 mV",
        "BC02": "700 mV"
    }
]