[
    {
        "null": "None",
        "00": "Unset",
        "05": "-5 mV",
        "0A": "-10 mV",
        "0F": "-15 mV",
        "14": "-20 mV",
        "19": "-25 mV",
        "1E": "-30 mV",
        "23": "-35 mV",
        "28": "-40 mV",
        "2D": "-45 mV",
        "32": "-50 mV",
        "37": "-55 mV",
        "3C": "-60 mV",
        "41": "-65 mV",
        "46": "-70 mV",
        "4B": "-75 mV",
        "50": "-80 mV",
        "55": "-85 mV",
        "5A": "-90 mV",
        "5F": "-95 mV",
        "64": "-100 mV",
        "69": "-105 mV",
        "6E": "-110 mV",
        "73": "-115 mV",
        "78": "-120 mV",
        "7D": "-125 mV",
        "82": "-130 mV",
        "87": "-135 mV",
        "8C": "-140 mV",
        "91": "-145 mV",
        "96": "-150 mV",
        "9B": "-155 mV",
        "A0": "-160 mV",
        "A5": "-165 mV",
        "AA": "-170 mV",
        "AF": "-175 mV",
        "B4": "-180 mV",
        "B9": "-185 mV",
        "BE": "-190 mV",
        "C3": "-195 mV",
        "C8": "-200 mV"
    }
]