[
    {
        "null": "0",
        "0000": "0",
        "C201": "0",
        "C701": "1",
        "CC01": "2",
        "D101": "3",
        "D601": "4",
        "DB01": "5",
        "E001": "6",
        "E501": "7",
        "EA01": "8",
        "EF01": "9",
        "F401": "10",
        "F901": "11",
        "FE01": "12",
        "0302": "13",
        "0802": "14",
        "0D02": "15",
        "1202": "16",
        "1702": "17",
        "1C02": "18",
        "2102": "19",
        "2602": "20",
        "2B02": "21",
        "3002": "22",
        "3502": "23",
        "3A02": "24",
        "3F02": "25",
        "4402": "26",
        "4902": "27",
        "4E02": "28",
        "5302": "29",
        "5802": "30",
        "5D02": "31",
        "6202": "32",
        "6702": "33",
        "6C02": "34",
        "7102": "35",
        "7602": "36",
        "7B02": "37",
        "8002": "38",
        "8502": "39",
        "8A02": "40",
        "8F02": "41",
        "9402": "42",
        "9902": "43",
        "9E02": "44",
        "A302": "45",
        "A802": "46",
        "AD02": "47",
        "B202": "48",
        "B702": "49",
        "BC02": "50",
        "C102": "51",
        "C602": "52",
        "CB02": "53",
        "D002": "54",
        "D502": "55",
        "DA02": "56",
        "DF02": "57",
        "E402": "58",
        "E902": "59",
        "EE02": "60",
        "F302": "61",
        "F802": "62",
        "FD02": "63",
        "0203": "64",
        "0703": "65",
        "0C03": "66",
        "1103": "67",
        "1603": "68",
        "1B03": "69",
        "2003": "70",
        "2503": "71",
        "2A03": "72",
        "2F03": "73",
        "3403": "74",
        "3903": "75",
        "3E03": "76",
        "4303": "77",
        "4803": "78",
        "4D03": "79",
        "5203": "80",
        "5703": "81",
        "5C03": "82",
        "6103": "83",
        "6603": "84",
        "6B03": "85",
        "7003": "86",
        "7503": "87",
        "7A03": "88",
        "7F03": "89",
        "8403": "90",
        "8903": "91",
        "8E03": "92",
        "9303": "93",
        "9803": "94",
        "9D03": "95",
        "A203": "96",
        "A703": "97",
        "AC03": "98",
        "B103": "99",
        "B603": "100",
        "BB03": "101",
        "C003": "102"
    }
]