[
    {
        "K4F6E304HB-MGCH": "HB-MGCH",
        "H9HCNNNBPUMLHR-NLE": "NLE",
        "MT53B512M32D2NP-062 WT:C": "WTC",
        "K4FBE3D4HM-MGXX": "HM-MGXX 8GB",

        "K4U6E3S4AM-MGCJ": "AM-MGCJ",
        "K4U6E3S4AB-MGCL": "AB-MGCL",
        "K4U6E3S4AA-MGCL": "AA-MGCL",
        "MT53E512M32D2NP-046 WT:F": "WTF",
        "MT53E512M32D2NP-046 WT:E": "WTE",
        "MT53E512M32D1NP-046 WT:B": "WTB",
        "MT53E512M32D1ZW-046 AUT:B": "AUTB",
        "H9HCNNNBKMMLHR-NME": "NME",
        "H9HCNNNBKMMLXR-NEE": "NEE",

        "H54G46CYRBX267": "CYRBX",
        "K4UBE3D4AM-MGCJ": "AM-MGCJ 8GB",
        "K4UBE3D4AA-MGCL": "AA-MGCL 8GB"
    }
]