[
    {
        "null": "None",

        "00": "Unset",
        "01": "+25 mV",
        "02": "+50 mV",
        "03": "+75 mV",
        "04": "+100 mV",
        "05": "+125 mV",
        "06": "+150 mV",

        "FDFFFFFF": "-75 mV",
        "FEFFFFFF": "-50 mV",
        "FFFFFFFF": "-25 mV",
        "00000000": "Unset",
        "01000000": "+25 mV",
        "02000000": "+50 mV",
        "03000000": "+75 mV",
        "04000000": "+100 mV",
        "05000000": "+125 mV"
    }
]