[
    {
        "null": "None",
        "000000": "Unset",
        "50A505": "370",
        "D8B805": "375",
        "60CC05": "380",
        "E8DF05": "385",
        "70F305": "390",
        "F80606": "395",
        "801A06": "400",
        "082E06": "405",
        "904106": "410",
        "185506": "415",
        "A06806": "420",
        "287C06": "425",
        "B08F06": "430",
        "38A306": "435",
        "C0B606": "440",
        "48CA06": "445",
        "D0DD06": "450",
        "58F106": "455",
        "E00407": "460",
        "681807": "465",
        "F02B07": "470",
        "783F07": "475",
        "005307": "480",
        "886607": "485",
        "107A07": "490",
        "988D07": "495",
        "20A107": "500",
        "A8B407": "505",
        "30C807": "510",
        "B8DB07": "515",
        "40EF07": "520",
        "C80208": "525",
        "501608": "530",
        "D82908": "535",
        "603D08": "540",
        "E85008": "545",
        "706408": "550",
        "F87708": "555",
        "808B08": "560",
        "089F08": "565",
        "90B208": "570",
        "18C608": "575",
        "A0D908": "580",
        "28ED08": "585",
        "B00009": "590",
        "381409": "595",
        "C02709": "600",
        "483B09": "605",
        "D04E09": "610",
        "586209": "615",
        "E07509": "620",
        "688909": "625",
        "F09C09": "630",
        "78B009": "635",
        "00C409": "640",
        "88D709": "645",
        "10EB09": "650",
        "98FE09": "655",
        "20120A": "660",
        "A8250A": "665",
        "30390A": "670",
        "B84C0A": "675",
        "40600A": "680",
        "C8730A": "685",
        "50870A": "690",
        "D89A0A": "695",
        "60AE0A": "700",
        "E8C10A": "705",
        "70D50A": "710",
        "F8E80A": "715",
        "80FC0A": "720",
        "08100B": "725",
        "90230B": "730",
        "18370B": "735",
        "A04A0B": "740",
        "285E0B": "745",
        "B0710B": "750",
        "38850B": "755",
        "C0980B": "760",
        "48AC0B": "765",
        "D0BF0B": "770",
        "58D30B": "775",
        "E0E60B": "780",
        "68FA0B": "785",
        "F00D0C": "790",
        "78210C": "795",
        "00350C": "800",
        "88480C": "805",
        "105C0C": "810",
        "986F0C": "815",
        "20830C": "820",
        "A8960C": "825",
        "30AA0C": "830",
        "B8BD0C": "835",
        "40D10C": "840",
        "C8E40C": "845",
        "50F80C": "850",
        "D80B0D": "855",
        "601F0D": "860",
        "E8320D": "865",
        "70460D": "870",
        "F8590D": "875",
        "806D0D": "880",
        "08810D": "885",
        "90940D": "890",
        "18A80D": "895",
        "A0BB0D": "900",
        "74EC0D": "912",
        "481D0E": "925",
        "1C4E0E": "937",
        "F07E0E": "950",
        "C4AF0E": "962",
        "98E00E": "975",
        "6C110F": "987",
        "40420F": "1000",
        "14730F": "1012",
        "E8A30F": "1025",
        "BCD40F": "1037",
        "900510": "1050",
        "643610": "1062",
        "386710": "1075",
        "0C9810": "1087",
        "E0C810": "1100",
        "B4F910": "1112",
        "882A11": "1125",
        "5C5B11": "1137",
        "308C11": "1150",
        "04BD11": "1162",
        "D8ED11": "1175",
        "AC1E12": "1187",
        "804F12": "1200",
        "548012": "1212",
        "28B112": "1225",
        "FCE112": "1237",
        "D01213": "1250",
        "A44313": "1262",
        "787413": "1275",
        "4CA513": "1287",
        "20D613": "1300",
        "F40614": "1312",
        "C83714": "1325",
        "9C6814": "1337",
        "709914": "1350"
    }
]