[
    {
        "00": "?",
        "2C": "1.3.2 or lower",
        "2D": "1.3.3",
        "2E": "1.3.4",
        "2F": "1.3.5",
        "30": "1.3.6",
        "31": "1.3.7",
        "32": "1.4.0",
        "33": "1.4.1",
        "34": "1.4.2",
        "35": "1.4.3",
        "36": "1.4.4",
        "37": "1.5.0",
        "38": "1.5.1",
        "39": "1.6.0",
        "3A": "1.6.1",
        "3B": "1.6.2",
        "3C": "1.6.3",
        "3D": "1.6.4",
        "3E": "1.6.5",
        "3F": "1.6.6",
        "40": "1.6.7",
        "41": "1.6.8",
        "42": "1.6.9",
        "43": "1.7.0",
        "44": "1.7.1",
        "45": "1.7.2"
    }
]