[
    {
        "name": "1600 MHz - Stock",
        "dec": "1600"
    },
    {
        "name": "1633 MHz",
        "dec": "1633"
    },
    {
        "name": "1666 MHz",
        "dec": "1666"
    },
    {
        "name": "1700 MHz",
        "dec": "1700"
    },
    {
        "name": "1733 MHz",
        "dec": "1733"
    },
    {
        "name": "1766 MHz",
        "dec": "1766"
    },
    {
        "name": "1800 MHz",
        "dec": "1800"
    },
    {
        "name": "1833 MHz",
        "dec": "1833"
    },
    {
        "name": "1866 MHz - Erista",
        "dec": "1866"
    },
    {
        "name": "1900 MHz",
        "dec": "1900"
    },
    {
        "name": "1933 MHz",
        "dec": "1933"
    },
    {
        "name": "1966 MHz",
        "dec": "1966"
    },
    {
        "name": "2000 MHz",
        "dec": "2000"
    },
    {
        "name": "2033 MHz",
        "dec": "2033"
    },
    {
        "name": "2066 MHz",
        "dec": "2066"
    },
    {
        "name": "2100 MHz",
        "dec": "2100"
    },
    {
        "name": "2133 MHz - Default",
        "dec": "2133"
    },
    {
        "name": "2166 MHz",
        "dec": "2166"
    },
    {
        "name": "2200 MHz",
        "dec": "2200"
    },
    {
        "name": "2233 MHz",
        "dec": "2233"
    },
    {
        "name": "2266 MHz",
        "dec": "2266"
    },
    {
        "name": "2300 MHz",
        "dec": "2300"
    },
    {
        "name": "2333 MHz",
        "dec": "2333"
    },
    {
        "name": "2366 MHz",
        "dec": "2366"
    },
    {
        "name": "2400 MHz",
        "dec": "2400"
    },
    {
        "name": "2433 MHz",
        "dec": "2433"
    },
    {
        "name": "2466 MHz",
        "dec": "2466"
    },
    {
        "name": "2500 MHz",
        "dec": "2500"
    },
    {
        "name": "2533 MHz",
        "dec": "2533"
    },
    {
        "name": "2566 MHz",
        "dec": "2566"
    },
    {
        "name": "2600 MHz",
        "dec": "2600"
    },
    {
        "name": "2633 MHz",
        "dec": "2633"
    },
    {
        "name": "2666 MHz",
        "dec": "2666"
    },
    {
        "name": "2700 MHz",
        "dec": "2700"
    },
    {
        "name": "2733 MHz",
        "dec": "2733"
    },
    {
        "name": "2766 MHz",
        "dec": "2766"
    },
    {
        "name": "2800 MHz",
        "dec": "2800"
    },
    {
        "name": "2833 MHz",
        "dec": "2833"
    },
    {
        "name": "2866 MHz",
        "dec": "2866"
    },
    {
        "name": "2900 MHz",
        "dec": "2900"
    },
    {
        "name": "2933 MHz",
        "dec": "2933"
    },
    {
        "name": "2966 MHz",
        "dec": "2966"
    },
    {
        "name": "3000 MHz",
        "dec": "3000"
    },
    {
        "name": "3033 MHz",
        "dec": "3033"
    },
    {
        "name": "3066 MHz",
        "dec": "3066"
    },
    {
        "name": "3100 MHz",
        "dec": "3100"
    },
    {
        "name": "3133 MHz",
        "dec": "3133"
    },
    {
        "name": "3166 MHz",
        "dec": "3166"
    },
    {
        "name": "3200 MHz",
        "dec": "3200"
    }
]