[
    {
        "name": "370 mV - [!]",
        "label": "370 mV",
        "dec": "370000"
    },
    {
        "name": "375 mV - [!]",
        "label": "375 mV",
        "dec": "375000"
    },
    {
        "name": "380 mV - [!]",
        "label": "380 mV",
        "dec": "380000"
    },
    {
        "name": "385 mV - [!]",
        "label": "385 mV",
        "dec": "385000"
    },
    {
        "name": "390 mV - [!]",
        "label": "390 mV",
        "dec": "390000"
    },
    {
        "name": "395 mV - [!]",
        "label": "395 mV",
        "dec": "395000"
    },
    {
        "name": "400 mV - [!]",
        "label": "400 mV",
        "dec": "400000"
    },
    {
        "name": "405 mV - [!]",
        "label": "405 mV",
        "dec": "405000"
    },
    {
        "name": "410 mV - [!]",
        "label": "410 mV",
        "dec": "410000"
    },
    {
        "name": "415 mV - [!]",
        "label": "415 mV",
        "dec": "415000"
    },
    {
        "name": "420 mV - [!]",
        "label": "420 mV",
        "dec": "420000"
    },
    {
        "name": "425 mV - [!]",
        "label": "425 mV",
        "dec": "425000"
    },
    {
        "name": "430 mV - [!]",
        "label": "430 mV",
        "dec": "430000"
    },
    {
        "name": "435 mV - [!]",
        "label": "435 mV",
        "dec": "435000"
    },
    {
        "name": "440 mV - [!]",
        "label": "440 mV",
        "dec": "440000"
    },
    {
        "name": "445 mV - [!]",
        "label": "445 mV",
        "dec": "445000"
    },
    {
        "name": "450 mV - [!]",
        "label": "450 mV",
        "dec": "450000"
    },
    {
        "name": "455 mV - [!]",
        "label": "455 mV",
        "dec": "455000"
    },
    {
        "name": "460 mV - [!]",
        "label": "460 mV",
        "dec": "460000"
    },
    {
        "name": "465 mV - [!]",
        "label": "465 mV",
        "dec": "465000"
    },
    {
        "name": "470 mV - [!]",
        "label": "470 mV",
        "dec": "470000"
    },
    {
        "name": "475 mV - [!]",
        "label": "475 mV",
        "dec": "475000"
    },
    {
        "name": "480 mV - [!]",
        "label": "480 mV",
        "dec": "480000"
    },
    {
        "name": "485 mV - [!]",
        "label": "485 mV",
        "dec": "485000"
    },
    {
        "name": "490 mV - [!]",
        "label": "490 mV",
        "dec": "490000"
    },
    {
        "name": "495 mV - [!]",
        "label": "495 mV",
        "dec": "495000"
    },
    {
        "name": "500 mV - [!]",
        "label": "500 mV",
        "dec": "500000"
    },
    {
        "name": "505 mV - [!]",
        "label": "505 mV",
        "dec": "505000"
    },
    {
        "name": "510 mV - [!]",
        "label": "510 mV",
        "dec": "510000"
    },
    {
        "name": "515 mV - [!]",
        "label": "515 mV",
        "dec": "515000"
    },
    {
        "name": "520 mV - [!]",
        "label": "520 mV",
        "dec": "520000"
    },
    {
        "name": "525 mV - [!]",
        "label": "525 mV",
        "dec": "525000"
    },
    {
        "name": "530 mV - [!]",
        "label": "530 mV",
        "dec": "530000"
    },
    {
        "name": "535 mV - [!]",
        "label": "535 mV",
        "dec": "535000"
    },
    {
        "name": "540 mV - [!]",
        "label": "540 mV",
        "dec": "540000"
    },
    {
        "name": "545 mV - [!]",
        "label": "545 mV",
        "dec": "545000"
    },
    {
        "name": "550 mV - [!]",
        "label": "550 mV",
        "dec": "550000"
    },
    {
        "name": "555 mV",
        "label": "555 mV",
        "dec": "555000"
    },
    {
        "name": "560 mV",
        "label": "560 mV",
        "dec": "560000"
    },
    {
        "name": "565 mV",
        "label": "565 mV",
        "dec": "565000"
    },
    {
        "name": "570 mV",
        "label": "570 mV",
        "dec": "570000"
    },
    {
        "name": "575 mV",
        "label": "575 mV",
        "dec": "575000"
    },
    {
        "name": "580 mV",
        "label": "580 mV",
        "dec": "580000"
    },
    {
        "name": "585 mV",
        "label": "585 mV",
        "dec": "585000"
    },
    {
        "name": "590 mV",
        "label": "590 mV",
        "dec": "590000"
    },
    {
        "name": "595 mV",
        "label": "595 mV",
        "dec": "595000"
    },
    {
        "name": "600 mV - Default",
        "label": "600 mV",
        "dec": "600000"
    },
    {
        "name": "605 mV",
        "label": "605 mV",
        "dec": "605000"
    },
    {
        "name": "610 mV",
        "label": "610 mV",
        "dec": "610000"
    },
    {
        "name": "615 mV",
        "label": "615 mV",
        "dec": "615000"
    },
    {
        "name": "620 mV",
        "label": "620 mV",
        "dec": "620000"
    },
    {
        "name": "625 mV",
        "label": "625 mV",
        "dec": "625000"
    },
    {
        "name": "630 mV",
        "label": "630 mV",
        "dec": "630000"
    },
    {
        "name": "635 mV",
        "label": "635 mV",
        "dec": "635000"
    },
    {
        "name": "640 mV",
        "label": "640 mV",
        "dec": "640000"
    },
    {
        "name": "645 mV",
        "label": "645 mV",
        "dec": "645000"
    },
    {
        "name": "650 mV",
        "label": "650 mV",
        "dec": "650000"
    },
    {
        "name": "655 mV - [!]",
        "label": "655 mV",
        "dec": "655000"
    },
    {
        "name": "660 mV - [!]",
        "label": "660 mV",
        "dec": "660000"
    },
    {
        "name": "665 mV - [!]",
        "label": "665 mV",
        "dec": "665000"
    },
    {
        "name": "670 mV - [!]",
        "label": "670 mV",
        "dec": "670000"
    },
    {
        "name": "675 mV - [!]",
        "label": "675 mV",
        "dec": "675000"
    },
    {
        "name": "680 mV - [!]",
        "label": "680 mV",
        "dec": "680000"
    },
    {
        "name": "685 mV - [!]",
        "label": "685 mV",
        "dec": "685000"
    },
    {
        "name": "690 mV - [!]",
        "label": "690 mV",
        "dec": "690000"
    },
    {
        "name": "695 mV - [!]",
        "label": "695 mV",
        "dec": "695000"
    },
    {
        "name": "700 mV - [!]",
        "label": "700 mV",
        "dec": "700000"
    }
]