[
    {
        "name": "-75 mV",
        "label": "-75 mV",
        "hex": "FDFFFFFF"
    },
    {
        "name": "-50 mV",
        "label": "-50 mV",
        "hex": "FEFFFFFF"
    },
    {
        "name": "-25 mV",
        "label": "-25 mV",
        "hex": "FFFFFFFF"
    },
    {
        "name": "Unset",
        "label": "Unset",
        "hex": "00000000"
    },
    {
        "name": "+25 mV",
        "label": "+25 mV",
        "hex": "01000000"
    },
    {
        "name": "+50 mV",
        "label": "+50 mV",
        "hex": "02000000"
    },
    {
        "name": "+75 mV",
        "label": "+75 mV",
        "hex": "03000000"
    },
    {
        "name": "+100 mV",
        "label": "+100 mV",
        "hex": "04000000"
    },
    {
        "name": "+125 mV",
        "label": "+125 mV",
        "hex": "05000000"
    }
]