[
    {
        "name": "(18)                                  [0]",
        "dec": "0"
    },
    {
        "name": "(17)                                  [1]",
        "dec": "1"
    },
    {
        "name": "(16)                                  [2]",
        "dec": "2"
    },
    {
        "name": "(15)                                  [3]",
        "dec": "3"
    },
    {
        "name": "(14)                                  [4]",
        "dec": "4"
    },
    {
        "name": "(13)                                  [5]",
        "dec": "5"
    },
    {
        "name": "(12)                                  [6]",
        "dec": "6"
    },
    {
        "name": "(11)                                  [7]",
        "dec": "7"
    }
]