[
    {
        "name": "(42)                                  [0]",
        "dec": "0"
    },
    {
        "name": "(36)                                  [1]",
        "dec": "1"
    },
    {
        "name": "(34)                                  [2]",
        "dec": "2"
    },
    {
        "name": "(32)                                  [3]",
        "dec": "3"
    },
    {
        "name": "(30)                                  [4]",
        "dec": "4"
    },
    {
        "name": "(28)                                  [5]",
        "dec": "5"
    },
    {
        "name": "(26)                                  [6]",
        "dec": "6"
    },
    {
        "name": "(24)                                  [7]",
        "dec": "7"
    },
    {
        "name": "(22)                                  [8]",
        "dec": "8"
    },
    {
        "name": "(20)                                  [9]",
        "dec": "9"
    }
]