[
    {
        "name": "(10)                                  [0]",
        "dec": "0"
    },
    {
        "name": "(7.5)                                  [1]",
        "dec": "1"
    },
    {
        "name": "(6)                                    [2]",
        "dec": "2"
    },
    {
        "name": "(5)                                    [3]",
        "dec": "3"
    },
    {
        "name": "(4)                                    [4]",
        "dec": "4"
    },
    {
        "name": "(3)                                    [5]",
        "dec": "5"
    },
    {
        "name": "(2)                                    [6]",
        "dec": "6"
    },
    {
        "name": "(1)                                    [7]",
        "dec": "7"
    }
]