[
    {
        "name": "(90)                                  [0]",
        "dec": "0"
    },
    {
        "name": "(80)                                  [1]",
        "dec": "1"
    },
    {
        "name": "(70)                                  [2]",
        "dec": "2"
    },
    {
        "name": "(60)                                  [3]",
        "dec": "3"
    },
    {
        "name": "(50)                                  [4]",
        "dec": "4"
    },
    {
        "name": "(40)                                  [5]",
        "dec": "5"
    }
]