[
    {
        "name": "Disabled",
        "dec": "2000",
        "label": "Disabled"
    },
    {
        "name": "450 mV",
        "dec": "450",
        "label": "450 mV"
    },
    {
        "name": "455 mV",
        "dec": "455",
        "label": "455 mV"
    },
    {
        "name": "460 mV",
        "dec": "460",
        "label": "460 mV"
    },
    {
        "name": "465 mV",
        "dec": "465",
        "label": "465 mV"
    },
    {
        "name": "470 mV",
        "dec": "470",
        "label": "470 mV"
    },
    {
        "name": "475 mV",
        "dec": "475",
        "label": "475 mV"
    },
    {
        "name": "480 mV",
        "dec": "480",
        "label": "480 mV"
    },
    {
        "name": "485 mV",
        "dec": "485",
        "label": "485 mV"
    },
    {
        "name": "490 mV",
        "dec": "490",
        "label": "490 mV"
    },
    {
        "name": "495 mV",
        "dec": "495",
        "label": "495 mV"
    },
    {
        "name": "500 mV",
        "dec": "500",
        "label": "500 mV"
    },
    {
        "name": "505 mV",
        "dec": "505",
        "label": "505 mV"
    },
    {
        "name": "510 mV",
        "dec": "510",
        "label": "510 mV"
    },
    {
        "name": "515 mV",
        "dec": "515",
        "label": "515 mV"
    },
    {
        "name": "520 mV",
        "dec": "520",
        "label": "520 mV"
    },
    {
        "name": "525 mV",
        "dec": "525",
        "label": "525 mV"
    },
    {
        "name": "530 mV",
        "dec": "530",
        "label": "530 mV"
    },
    {
        "name": "535 mV",
        "dec": "535",
        "label": "535 mV"
    },
    {
        "name": "540 mV",
        "dec": "540",
        "label": "540 mV"
    },
    {
        "name": "545 mV",
        "dec": "545",
        "label": "545 mV"
    },
    {
        "name": "550 mV",
        "dec": "550",
        "label": "550 mV"
    },
    {
        "name": "555 mV",
        "dec": "555",
        "label": "555 mV"
    },
    {
        "name": "560 mV",
        "dec": "560",
        "label": "560 mV"
    },
    {
        "name": "565 mV",
        "dec": "565",
        "label": "565 mV"
    },
    {
        "name": "570 mV",
        "dec": "570",
        "label": "570 mV"
    },
    {
        "name": "575 mV",
        "dec": "575",
        "label": "575 mV"
    },
    {
        "name": "580 mV",
        "dec": "580",
        "label": "580 mV"
    },
    {
        "name": "585 mV",
        "dec": "585",
        "label": "585 mV"
    },
    {
        "name": "590 mV",
        "dec": "590",
        "label": "590 mV"
    },
    {
        "name": "595 mV",
        "dec": "595",
        "label": "595 mV"
    },
    {
        "name": "600 mV",
        "dec": "600",
        "label": "600 mV"
    },
    {
        "name": "605 mV",
        "dec": "605",
        "label": "605 mV"
    },
    {
        "name": "610 mV",
        "dec": "610",
        "label": "610 mV"
    },
    {
        "name": "615 mV",
        "dec": "615",
        "label": "615 mV"
    },
    {
        "name": "620 mV",
        "dec": "620",
        "label": "620 mV"
    },
    {
        "name": "625 mV",
        "dec": "625",
        "label": "625 mV"
    },
    {
        "name": "630 mV",
        "dec": "630",
        "label": "630 mV"
    },
    {
        "name": "635 mV",
        "dec": "635",
        "label": "635 mV"
    },
    {
        "name": "640 mV",
        "dec": "640",
        "label": "640 mV"
    },
    {
        "name": "645 mV",
        "dec": "645",
        "label": "645 mV"
    },
    {
        "name": "650 mV",
        "dec": "650",
        "label": "650 mV"
    },
    {
        "name": "655 mV",
        "dec": "655",
        "label": "655 mV"
    },
    {
        "name": "660 mV",
        "dec": "660",
        "label": "660 mV"
    },
    {
        "name": "665 mV",
        "dec": "665",
        "label": "665 mV"
    },
    {
        "name": "670 mV",
        "dec": "670",
        "label": "670 mV"
    },
    {
        "name": "675 mV",
        "dec": "675",
        "label": "675 mV"
    },
    {
        "name": "680 mV",
        "dec": "680",
        "label": "680 mV"
    },
    {
        "name": "685 mV",
        "dec": "685",
        "label": "685 mV"
    },
    {
        "name": "690 mV",
        "dec": "690",
        "label": "690 mV"
    },
    {
        "name": "695 mV",
        "dec": "695",
        "label": "695 mV"
    },
    {
        "name": "700 mV",
        "dec": "700",
        "label": "700 mV"
    },
    {
        "name": "705 mV",
        "dec": "705",
        "label": "705 mV"
    },
    {
        "name": "710 mV",
        "dec": "710",
        "label": "710 mV"
    },
    {
        "name": "715 mV",
        "dec": "715",
        "label": "715 mV"
    },
    {
        "name": "720 mV",
        "dec": "720",
        "label": "720 mV"
    },
    {
        "name": "725 mV",
        "dec": "725",
        "label": "725 mV"
    },
    {
        "name": "730 mV",
        "dec": "730",
        "label": "730 mV"
    },
    {
        "name": "735 mV",
        "dec": "735",
        "label": "735 mV"
    },
    {
        "name": "740 mV",
        "dec": "740",
        "label": "740 mV"
    },
    {
        "name": "745 mV",
        "dec": "745",
        "label": "745 mV"
    },
    {
        "name": "750 mV",
        "dec": "750",
        "label": "750 mV"
    },
    {
        "name": "755 mV",
        "dec": "755",
        "label": "755 mV"
    },
    {
        "name": "760 mV",
        "dec": "760",
        "label": "760 mV"
    },
    {
        "name": "765 mV",
        "dec": "765",
        "label": "765 mV"
    },
    {
        "name": "770 mV",
        "dec": "770",
        "label": "770 mV"
    },
    {
        "name": "775 mV",
        "dec": "775",
        "label": "775 mV"
    },
    {
        "name": "780 mV",
        "dec": "780",
        "label": "780 mV"
    },
    {
        "name": "785 mV",
        "dec": "785",
        "label": "785 mV"
    },
    {
        "name": "790 mV",
        "dec": "790",
        "label": "790 mV"
    },
    {
        "name": "795 mV",
        "dec": "795",
        "label": "795 mV"
    },
    {
        "name": "800 mV",
        "dec": "800",
        "label": "800 mV"
    },
    {
        "name": "805 mV - [!]",
        "dec": "805",
        "label": "805 mV"
    },
    {
        "name": "810 mV - [!]",
        "dec": "810",
        "label": "810 mV"
    },
    {
        "name": "815 mV - [!]",
        "dec": "815",
        "label": "815 mV"
    },
    {
        "name": "820 mV - [!]",
        "dec": "820",
        "label": "820 mV"
    },
    {
        "name": "825 mV - [!]",
        "dec": "825",
        "label": "825 mV"
    },
    {
        "name": "830 mV - [!]",
        "dec": "830",
        "label": "830 mV"
    },
    {
        "name": "835 mV - [!]",
        "dec": "835",
        "label": "835 mV"
    },
    {
        "name": "840 mV - [!]",
        "dec": "840",
        "label": "840 mV"
    },
    {
        "name": "845 mV - [!]",
        "dec": "845",
        "label": "845 mV"
    },
    {
        "name": "850 mV - [!]",
        "dec": "850",
        "label": "850 mV"
    },
    {
        "name": "855 mV - [!!]",
        "dec": "855",
        "label": "855 mV"
    },
    {
        "name": "860 mV - [!!]",
        "dec": "860",
        "label": "860 mV"
    },
    {
        "name": "865 mV - [!!]",
        "dec": "865",
        "label": "865 mV"
    },
    {
        "name": "870 mV - [!!]",
        "dec": "870",
        "label": "870 mV"
    },
    {
        "name": "875 mV - [!!]",
        "dec": "875",
        "label": "875 mV"
    },
    {
        "name": "880 mV - [!!]",
        "dec": "880",
        "label": "880 mV"
    },
    {
        "name": "885 mV - [!!]",
        "dec": "885",
        "label": "885 mV"
    },
    {
        "name": "890 mV - [!!]",
        "dec": "890",
        "label": "890 mV"
    },
    {
        "name": "895 mV - [!!]",
        "dec": "895",
        "label": "895 mV"
    },
    {
        "name": "900 mV - [!!]",
        "dec": "900",
        "label": "900 mV"
    },
    {
        "name": "905 mV - [!!!]",
        "dec": "905",
        "label": "905 mV"
    },
    {
        "name": "910 mV - [!!!]",
        "dec": "910",
        "label": "910 mV"
    },
    {
        "name": "915 mV - [!!!]",
        "dec": "915",
        "label": "915 mV"
    },
    {
        "name": "920 mV - [!!!]",
        "dec": "920",
        "label": "920 mV"
    },
    {
        "name": "925 mV - [!!!]",
        "dec": "925",
        "label": "925 mV"
    },
    {
        "name": "930 mV - [!!!]",
        "dec": "930",
        "label": "930 mV"
    },
    {
        "name": "935 mV - [!!!]",
        "dec": "935",
        "label": "935 mV"
    },
    {
        "name": "940 mV - [!!!]",
        "dec": "940",
        "label": "940 mV"
    },
    {
        "name": "945 mV - [!!!]",
        "dec": "945",
        "label": "945 mV"
    },
    {
        "name": "950 mV - [!!!]",
        "dec": "950",
        "label": "950 mV"
    },
    {
        "name": "955 mV - [!!!!]",
        "dec": "955",
        "label": "955 mV"
    },
    {
        "name": "960 mV - [Pizdec!]",
        "dec": "960",
        "label": "960 mV"
    }
]
