[
    {
        "name": "700 mV",
        "label": "700 mV",
        "dec": "700"
    },
    {
        "name": "705 mV",
        "label": "705 mV",
        "dec": "705"
    },
    {
        "name": "710 mV",
        "label": "710 mV",
        "dec": "710"
    },
    {
        "name": "715 mV",
        "label": "715 mV",
        "dec": "715"
    },
    {
        "name": "720 mV",
        "label": "720 mV",
        "dec": "720"
    },
    {
        "name": "725 mV",
        "label": "725 mV",
        "dec": "725"
    },
    {
        "name": "730 mV",
        "label": "730 mV",
        "dec": "730"
    },
    {
        "name": "735 mV",
        "label": "735 mV",
        "dec": "735"
    },
    {
        "name": "740 mV",
        "label": "740 mV",
        "dec": "740"
    },
    {
        "name": "745 mV",
        "label": "745 mV",
        "dec": "745"
    },
    {
        "name": "750 mV",
        "label": "750 mV",
        "dec": "750"
    },
    {
        "name": "755 mV",
        "label": "755 mV",
        "dec": "755"
    },
    {
        "name": "760 mV",
        "label": "760 mV",
        "dec": "760"
    },
    {
        "name": "765 mV",
        "label": "765 mV",
        "dec": "765"
    },
    {
        "name": "770 mV",
        "label": "770 mV",
        "dec": "770"
    },
    {
        "name": "775 mV",
        "label": "775 mV",
        "dec": "775"
    },
    {
        "name": "780 mV",
        "label": "780 mV",
        "dec": "780"
    },
    {
        "name": "785 mV",
        "label": "785 mV",
        "dec": "785"
    },
    {
        "name": "790 mV",
        "label": "790 mV",
        "dec": "790"
    },
    {
        "name": "795 mV",
        "label": "795 mV",
        "dec": "795"
    },
    {
        "name": "800 mV",
        "label": "800 mV",
        "dec": "800"
    },
    {
        "name": "805 mV",
        "label": "805 mV",
        "dec": "805"
    },
    {
        "name": "810 mV - Stock",
        "label": "810 mV",
        "dec": "810"
    },
    {
        "name": "815 mV",
        "label": "815 mV",
        "dec": "815"
    },
    {
        "name": "820 mV",
        "label": "820 mV",
        "dec": "820"
    },
    {
        "name": "825 mV",
        "label": "825 mV",
        "dec": "825"
    },
    {
        "name": "830 mV",
        "label": "830 mV",
        "dec": "830"
    },
    {
        "name": "835 mV",
        "label": "835 mV",
        "dec": "835"
    },
    {
        "name": "840 mV",
        "label": "840 mV",
        "dec": "840"
    },
    {
        "name": "845 mV",
        "label": "845 mV",
        "dec": "845"
    },
    {
        "name": "850 mV",
        "label": "850 mV",
        "dec": "850"
    },
    {
        "name": "855 mV",
        "label": "855 mV",
        "dec": "855"
    },
    {
        "name": "860 mV",
        "label": "860 mV",
        "dec": "860"
    },
    {
        "name": "865 mV",
        "label": "865 mV",
        "dec": "865"
    },
    {
        "name": "870 mV",
        "label": "870 mV",
        "dec": "870"
    },
    {
        "name": "875 mV",
        "label": "875 mV",
        "dec": "875"
    },
    {
        "name": "880 mV",
        "label": "880 mV",
        "dec": "880"
    },
    {
        "name": "885 mV",
        "label": "885 mV",
        "dec": "885"
    },
    {
        "name": "890 mV",
        "label": "890 mV",
        "dec": "890"
    },
    {
        "name": "895 mV",
        "label": "895 mV",
        "dec": "895"
    },
    {
        "name": "900 mV",
        "label": "900 mV",
        "dec": "900"
    }
]