{
	"name": "Application",
	"title_id": "0x0100801011c3e000",
	"title_id_range_min": "0x0100000000010000",
	"title_id_range_max": "0x01ffffffffffffff",
	"main_thread_stack_size": "0x00100000",
	"main_thread_priority": 44,
	"default_cpu_id": 0,
	"version": "0x00000000",
	"is_retail": true,
	"pool_partition": 0,
	"is_64_bit": true,
	"address_space_type": 3,
	"filesystem_access": {
		"permissions": "0x4000000000000000"
	},
	"service_access": [
		"acc:u0",
		"aoc:u",
		"apm",
		"appletOE",
		"audin:u",
		"audout:u",
		"audren:u",
		"banana",
		"bcat:u",
		"bsd:u",
		"bsdcfg",
		"caps:su",
		"caps:u",
		"csrng",
		"friend:u",
		"fsp-srv",
		"hid",
		"htc",
		"htc:tenv",
		"htcs",
		"hwopus",
		"irs",
		"ldn:u",
		"ldr:ro",
		"lm",
		"mii:u",
		"mm:u",
		"nfc:mf:u",
		"nfc:user",
		"nfp:user",
		"nifm:u",
		"nim:eca",
		"nsd:u",
		"ntc",
		"nvdrv",
		"pcm",
		"pctl",
		"pl:u",
		"prepo:u",
		"set",
		"sfdnsres",
		"ssl",
		"time:u",
		"vi:u"
	],
	"service_host": [],
	"kernel_capabilities": [
		{
			"type": "kernel_flags",
			"value": {
				"highest_thread_priority": 59,
				"lowest_thread_priority": 28,
				"lowest_cpu_id": 0,
				"highest_cpu_id": 2
			}
		},
		{
			"type": "syscalls",
			"value": {
				"svcSetHeapSize": "0x01",
				"svcSetMemoryPermission": "0x02",
				"svcSetMemoryAttribute": "0x03",
				"svcMapMemory": "0x04",
				"svcUnmapMemory": "0x05",
				"svcQueryMemory": "0x06",
				"svcExitProcess": "0x07",
				"svcCreateThread": "0x08",
				"svcStartThread": "0x09",
				"svcExitThread": "0x0a",
				"svcSleepThread": "0x0b",
				"svcGetThreadPriority": "0x0c",
				"svcSetThreadPriority": "0x0d",
				"svcGetThreadCoreMask": "0x0e",
				"svcSetThreadCoreMask": "0x0f",
				"svcGetCurrentProcessorNumber": "0x10",
				"svcSignalEvent": "0x11",
				"svcClearEvent": "0x12",
				"svcMapSharedMemory": "0x13",
				"svcUnmapSharedMemory": "0x14",
				"svcCreateTransferMemory": "0x15",
				"svcCloseHandle": "0x16",
				"svcResetSignal": "0x17",
				"svcWaitSynchronization": "0x18",
				"svcCancelSynchronization": "0x19",
				"svcArbitrateLock": "0x1a",
				"svcArbitrateUnlock": "0x1b",
				"svcWaitProcessWideKeyAtomic": "0x1c",
				"svcSignalProcessWideKey": "0x1d",
				"svcGetSystemTick": "0x1e",
				"svcConnectToNamedPort": "0x1f",
				"svcSendSyncRequestLight": "0x20",
				"svcSendSyncRequest": "0x21",
				"svcSendSyncRequestWithUserBuffer": "0x22",
				"svcSendAsyncRequestWithUserBuffer": "0x23",
				"svcGetProcessId": "0x24",
				"svcGetThreadId": "0x25",
				"svcBreak": "0x26",
				"svcOutputDebugString": "0x27",
				"svcReturnFromException": "0x28",
				"svcGetInfo": "0x29",
				"svcMapPhysicalMemory": "0x2c",
				"svcUnmapPhysicalMemory": "0x2d",
				"svcGetLastThreadInfo": "0x2f",
				"svcSetThreadActivity": "0x32",
				"svcGetThreadContext3": "0x33",
				"svcWaitForAddress": "0x34",
				"svcSignalToAddress": "0x35",
				"svcSynchronizePreemptionState": "0x36",
				"svcFlushProcessDataCache": "0x5f"
			}
		},
		{
			"type": "application_type",
			"value": 1
		},
		{
			"type": "min_kernel_version",
			"value": "0x0091"
		},
		{
			"type": "handle_table_size",
			"value": 512
		},
		{
			"type": "debug_flags",
			"value": {
				"allow_debug": true,
				"force_debug": false,
				"force_debug_prod": false
			}
		}
	]
}