{
	"name": "qlaunch",
	"title_id": "0x0100000000001000",
	"title_id_range_min": "0x0100000000001000",
	"title_id_range_max": "0x0100000000001000",
	"main_thread_stack_size": "0x00060000",
	"main_thread_priority": 40,
	"default_cpu_id": 3,
	"process_category": 738197504,
	"is_retail": true,
	"pool_partition": 1,
	"is_64_bit": true,
	"address_space_type": 3,
	"filesystem_access": {
		"permissions": "0x0000000000002048"
	},
	"service_access": [
		"acc:su",
		"appletAE",
		"audctl",
		"audin:u",
		"audout:u",
		"audren:u",
		"banana",
		"bcat:m",
		"bsd:u",
		"bsdcfg",
		"btm:sys",
		"capmtp",
		"caps:a",
		"erpt:c",
		"erpt:r",
		"eupld:r",
		"fatal:u",
		"friend:m",
		"fsp-srv",
		"hid",
		"hid:sys",
		"htc",
		"htc:tenv",
		"htcs",
		"hwopus",
		"irs",
		"lbl",
		"ldn:m",
		"ldn:s",
		"lm",
		"lp2p:m",
		"mig:usr",
		"mii:e",
		"miiimg",
		"nd:sys",
		"news:m",
		"nfc:sys",
		"nfp:sys",
		"ngct:s",
		"nifm:s",
		"nim:shp",
		"notif:s",
		"npns:s",
		"ns:am2",
		"ns:su",
		"nsd:u",
		"ntc",
		"nvdrv:a",
		"olsc:s",
		"ovln:snd",
		"pctl:s",
		"pdm:qry",
		"pl:u",
		"prepo:m",
		"psm",
		"set",
		"set:sys",
		"sfdnsres",
		"ssl",
		"time:a",
		"time:u",
		"vi:s"
	],
	"service_host": [],
	"kernel_capabilities": [
		{
			"type": "kernel_flags",
			"value": {
				"highest_thread_priority": 59,
				"lowest_thread_priority": 28,
				"lowest_cpu_id": 3,
				"highest_cpu_id": 3
			}
		},
		{
			"type": "syscalls",
			"value": {
				"svcSetHeapSize": "0x01",
				"svcSetMemoryPermission": "0x02",
				"svcSetMemoryAttribute": "0x03",
				"svcMapMemory": "0x04",
				"svcUnmapMemory": "0x05",
				"svcQueryMemory": "0x06",
				"svcExitProcess": "0x07",
				"svcCreateThread": "0x08",
				"svcStartThread": "0x09",
				"svcExitThread": "0x0a",
				"svcSleepThread": "0x0b",
				"svcGetThreadPriority": "0x0c",
				"svcSetThreadPriority": "0x0d",
				"svcGetThreadCoreMask": "0x0e",
				"svcSetThreadCoreMask": "0x0f",
				"svcGetCurrentProcessorNumber": "0x10",
				"svcSignalEvent": "0x11",
				"svcClearEvent": "0x12",
				"svcMapSharedMemory": "0x13",
				"svcUnmapSharedMemory": "0x14",
				"svcCreateTransferMemory": "0x15",
				"svcCloseHandle": "0x16",
				"svcResetSignal": "0x17",
				"svcWaitSynchronization": "0x18",
				"svcCancelSynchronization": "0x19",
				"svcArbitrateLock": "0x1a",
				"svcArbitrateUnlock": "0x1b",
				"svcWaitProcessWideKeyAtomic": "0x1c",
				"svcSignalProcessWideKey": "0x1d",
				"svcGetSystemTick": "0x1e",
				"svcConnectToNamedPort": "0x1f",
				"svcSendSyncRequestLight": "0x20",
				"svcSendSyncRequest": "0x21",
				"svcSendSyncRequestWithUserBuffer": "0x22",
				"svcSendAsyncRequestWithUserBuffer": "0x23",
				"svcGetProcessId": "0x24",
				"svcGetThreadId": "0x25",
				"svcBreak": "0x26",
				"svcOutputDebugString": "0x27",
				"svcReturnFromException": "0x28",
				"svcGetInfo": "0x29",
				"svcGetLastThreadInfo": "0x2f",
				"svcWaitForAddress": "0x34",
				"svcSignalToAddress": "0x35",
				"svcMapTransferMemory": "0x51",
				"svcUnmapTransferMemory": "0x52",
				"svcFlushProcessDataCache": "0x5f"
			}
		},
		{
			"type": "application_type",
			"value": 2
		},
		{
			"type": "min_kernel_version",
			"value": "0x0091"
		},
		{
			"type": "handle_table_size",
			"value": 512
		},
		{
			"type": "debug_flags",
			"value": {
				"allow_debug": false,
				"force_debug": false
			}
		}
	]
}